{
  "project_info": {
    "project_number": "5640164987",
    "project_id": "projcazarpatos2025a-e73c2",
    "storage_bucket": "projcazarpatos2025a-e73c2.firebasestorage.app"
  },
  "client": [
    {
      "client_info": {
        "mobilesdk_app_id": "1:5640164987:android:19037cb73f2023725df4de",
        "android_client_info": {
          "package_name": "com.gabriel.jaya.cazarpatos"
        }
      },
      "oauth_client": [],
      "api_key": [
        {
          "current_key": "AIzaSyBsA7fL_JlWBZyDJYDkNoAy4HI1qOLLWp4"
        }
      ],
      "services": {
        "appinvite_service": {
          "other_platform_oauth_client": []
        }
      }
    }
  ],
  "configuration_version": "1"
}